{"cameraMode":{"drawMode":0,"name":"Shaded","section":"Shading Mode"},"sceneLighting":false,"audioPlay":false,"sceneViewState":{"showFog":true,"showMaterialUpdate":false,"showSkybox":false,"showFlares":true,"showImageEffects":true,"showParticleSystems":true},"in2DMode":false,"pivot":{"x":3.4700000286102297,"y":2.6070001125335695,"z":0.499500036239624},"rotation":{"x":-0.009296746924519539,"y":0.7250471115112305,"z":-0.009788631461560727,"w":-0.6885725259780884},"size":4.706273555755615,"orthographic":false}