{"cameraMode":{"drawMode":0,"name":"Shaded","section":"Shading Mode"},"sceneLighting":false,"audioPlay":false,"sceneViewState":{"showFog":true,"showMaterialUpdate":false,"showSkybox":false,"showFlares":true,"showImageEffects":true,"showParticleSystems":true},"in2DMode":false,"pivot":{"x":0.003000000026077032,"y":1.7160000801086426,"z":0.7307903170585632},"rotation":{"x":0.09414666146039963,"y":-0.7124658226966858,"z":0.09742315858602524,"w":0.688504159450531},"size":1.245234489440918,"orthographic":false}